<?xml version="1.0"?>
<BtvChannelList xmlns:xsi="http://www.w3.org/2001/XMLSchema-instance" xmlns:xsd="http://www.w3.org/2001/XMLSchema">
  <ChannelList>
    <ChannelInfo>
      <ChannelName>SBS 플러스</ChannelName>
      <ChannelNo>1</ChannelNo>
      <ServiceId>901</ServiceId>
      <ChannelId>170</ChannelId>
    </ChannelInfo>
    <ChannelInfo>
      <ChannelName>공영쇼핑</ChannelName>
      <ChannelNo>2</ChannelNo>
      <ServiceId>332</ServiceId>
      <ChannelId>265</ChannelId>
    </ChannelInfo>
    <ChannelInfo>
      <ChannelName>tvN</ChannelName>
      <ChannelNo>3</ChannelNo>
      <ServiceId>872</ServiceId>
      <ChannelId>207</ChannelId>
    </ChannelInfo>
    <ChannelInfo>
      <ChannelName>홈&amp;쇼핑</ChannelName>
      <ChannelNo>4</ChannelNo>
      <ServiceId>327</ServiceId>
      <ChannelId>314</ChannelId>
    </ChannelInfo>
    <ChannelInfo>
      <ChannelName>SBS</ChannelName>
      <ChannelNo>5</ChannelNo>
      <ServiceId>14</ServiceId>
      <ChannelId>164</ChannelId>
    </ChannelInfo>
    <ChannelInfo>
      <ChannelName>CJ오쇼핑</ChannelName>
      <ChannelNo>6</ChannelNo>
      <ServiceId>324</ServiceId>
      <ChannelId>40</ChannelId>
    </ChannelInfo>
    <ChannelInfo>
      <ChannelName>KBS2</ChannelName>
      <ChannelNo>7</ChannelNo>
      <ServiceId>12</ServiceId>
      <ChannelId>111</ChannelId>
    </ChannelInfo>
    <ChannelInfo>
      <ChannelName>현대홈쇼핑</ChannelName>
      <ChannelNo>8</ChannelNo>
      <ServiceId>321</ServiceId>
      <ChannelId>312</ChannelId>
    </ChannelInfo>
    <ChannelInfo>
      <ChannelName>KBS1</ChannelName>
      <ChannelNo>9</ChannelNo>
      <ServiceId>11</ServiceId>
      <ChannelId>110</ChannelId>
    </ChannelInfo>
    <ChannelInfo>
      <ChannelName>롯데홈쇼핑</ChannelName>
      <ChannelNo>10</ChannelNo>
      <ServiceId>323</ServiceId>
      <ChannelId>238</ChannelId>
    </ChannelInfo>
    <ChannelInfo>
      <ChannelName>MBC</ChannelName>
      <ChannelNo>11</ChannelNo>
      <ServiceId>13</ServiceId>
      <ChannelId>122</ChannelId>
    </ChannelInfo>
    <ChannelInfo>
      <ChannelName>GS SHOP</ChannelName>
      <ChannelNo>12</ChannelNo>
      <ServiceId>320</ServiceId>
      <ChannelId>85</ChannelId>
    </ChannelInfo>
    <ChannelInfo>
      <ChannelName>EBS</ChannelName>
      <ChannelNo>13</ChannelNo>
      <ServiceId>15</ServiceId>
      <ChannelId>60</ChannelId>
    </ChannelInfo>
    <ChannelInfo>
      <ChannelName>NS홈쇼핑</ChannelName>
      <ChannelNo>14</ChannelNo>
      <ServiceId>322</ServiceId>
      <ChannelId>144</ChannelId>
    </ChannelInfo>
    <ChannelInfo>
      <ChannelName>JTBC</ChannelName>
      <ChannelNo>15</ChannelNo>
      <ServiceId>240</ServiceId>
      <ChannelId>97</ChannelId>
    </ChannelInfo>
    <ChannelInfo>
      <ChannelName>MBN</ChannelName>
      <ChannelNo>16</ChannelNo>
      <ServiceId>241</ServiceId>
      <ChannelId>129</ChannelId>
    </ChannelInfo>
    <ChannelInfo>
      <ChannelName>SK stoa</ChannelName>
      <ChannelNo>17</ChannelNo>
      <ServiceId>345</ServiceId>
      <ChannelId>11</ChannelId>
    </ChannelInfo>
    <ChannelInfo>
      <ChannelName>채널A</ChannelName>
      <ChannelNo>18</ChannelNo>
      <ServiceId>242</ServiceId>
      <ChannelId>281</ChannelId>
    </ChannelInfo>
    <ChannelInfo>
      <ChannelName>TV CHOSUN</ChannelName>
      <ChannelNo>19</ChannelNo>
      <ServiceId>243</ServiceId>
      <ChannelId>208</ChannelId>
    </ChannelInfo>
    <ChannelInfo>
      <ChannelName>OBS</ChannelName>
      <ChannelNo>20</ChannelNo>
      <ServiceId>70</ServiceId>
      <ChannelId>149</ChannelId>
    </ChannelInfo>
    <ChannelInfo>
      <ChannelName>K쇼핑</ChannelName>
      <ChannelNo>21</ChannelNo>
      <ServiceId>333</ServiceId>
      <ChannelId>119</ChannelId>
    </ChannelInfo>
    <ChannelInfo>
      <ChannelName>신세계쇼핑</ChannelName>
      <ChannelNo>22</ChannelNo>
      <ServiceId>339</ServiceId>
      <ChannelId>260</ChannelId>
    </ChannelInfo>
    <ChannelInfo>
      <ChannelName>연합뉴스TV</ChannelName>
      <ChannelNo>23</ChannelNo>
      <ServiceId>571</ServiceId>
      <ChannelId>268</ChannelId>
    </ChannelInfo>
    <ChannelInfo>
      <ChannelName>YTN</ChannelName>
      <ChannelNo>24</ChannelNo>
      <ServiceId>570</ServiceId>
      <ChannelId>218</ChannelId>
    </ChannelInfo>
    <ChannelInfo>
      <ChannelName>쇼핑엔티</ChannelName>
      <ChannelNo>25</ChannelNo>
      <ServiceId>336</ServiceId>
      <ChannelId>258</ChannelId>
    </ChannelInfo>
    <ChannelInfo>
      <ChannelName>SBS CNBC</ChannelName>
      <ChannelNo>26</ChannelNo>
      <ServiceId>625</ServiceId>
      <ChannelId>165</ChannelId>
    </ChannelInfo>
    <ChannelInfo>
      <ChannelName>M.net</ChannelName>
      <ChannelNo>27</ChannelNo>
      <ServiceId>873</ServiceId>
      <ChannelId>121</ChannelId>
    </ChannelInfo>
    <ChannelInfo>
      <ChannelName>MBC Every1</ChannelName>
      <ChannelNo>28</ChannelNo>
      <ServiceId>881</ServiceId>
      <ChannelId>123</ChannelId>
    </ChannelInfo>
    <ChannelInfo>
      <ChannelName>GS MY SHOP</ChannelName>
      <ChannelNo>29</ChannelNo>
      <ServiceId>343</ServiceId>
      <ChannelId>84</ChannelId>
    </ChannelInfo>
    <ChannelInfo>
      <ChannelName>KBS 드라마</ChannelName>
      <ChannelNo>30</ChannelNo>
      <ServiceId>902</ServiceId>
      <ChannelId>103</ChannelId>
    </ChannelInfo>
    <ChannelInfo>
      <ChannelName>롯데OneTV</ChannelName>
      <ChannelNo>31</ChannelNo>
      <ServiceId>344</ServiceId>
      <ChannelId>237</ChannelId>
    </ChannelInfo>
    <ChannelInfo>
      <ChannelName>MBC 드라마</ChannelName>
      <ChannelNo>32</ChannelNo>
      <ServiceId>900</ServiceId>
      <ChannelId>128</ChannelId>
    </ChannelInfo>
    <ChannelInfo>
      <ChannelName>CJ오쇼핑 플러스</ChannelName>
      <ChannelNo>33</ChannelNo>
      <ServiceId>340</ServiceId>
      <ChannelId>41</ChannelId>
    </ChannelInfo>
    <ChannelInfo>
      <ChannelName>Olive</ChannelName>
      <ChannelNo>34</ChannelNo>
      <ServiceId>431</ServiceId>
      <ChannelId>148</ChannelId>
    </ChannelInfo>
    <ChannelInfo>
      <ChannelName>드라마큐브</ChannelName>
      <ChannelNo>36</ChannelNo>
      <ServiceId>903</ServiceId>
      <ChannelId>231</ChannelId>
    </ChannelInfo>
    <ChannelInfo>
      <ChannelName>W쇼핑</ChannelName>
      <ChannelNo>37</ChannelNo>
      <ServiceId>342</ServiceId>
      <ChannelId>213</ChannelId>
    </ChannelInfo>
    <ChannelInfo>
      <ChannelName>드라맥스</ChannelName>
      <ChannelNo>38</ChannelNo>
      <ServiceId>904</ServiceId>
      <ChannelId>232</ChannelId>
    </ChannelInfo>
    <ChannelInfo>
      <ChannelName>현대홈쇼핑+Shop</ChannelName>
      <ChannelNo>39</ChannelNo>
      <ServiceId>337</ServiceId>
      <ChannelId>313</ChannelId>
    </ChannelInfo>
    <ChannelInfo>
      <ChannelName>sky Drama</ChannelName>
      <ChannelNo>40</ChannelNo>
      <ServiceId>871</ServiceId>
      <ChannelId>173</ChannelId>
    </ChannelInfo>
    <ChannelInfo>
      <ChannelName>NS Shop+</ChannelName>
      <ChannelNo>41</ChannelNo>
      <ServiceId>341</ServiceId>
      <ChannelId>143</ChannelId>
    </ChannelInfo>
    <ChannelInfo>
      <ChannelName>Highlight TV</ChannelName>
      <ChannelNo>42</ChannelNo>
      <ServiceId>885</ServiceId>
      <ChannelId>89</ChannelId>
    </ChannelInfo>
    <ChannelInfo>
      <ChannelName>CNTV</ChannelName>
      <ChannelNo>43</ChannelNo>
      <ServiceId>175</ServiceId>
      <ChannelId>48</ChannelId>
    </ChannelInfo>
    <ChannelInfo>
      <ChannelName>EDGE TV</ChannelName>
      <ChannelNo>44</ChannelNo>
      <ServiceId>128</ServiceId>
      <ChannelId>62</ChannelId>
    </ChannelInfo>
    <ChannelInfo>
      <ChannelName>디원</ChannelName>
      <ChannelNo>45</ChannelNo>
      <ServiceId>170</ServiceId>
      <ChannelId>233</ChannelId>
    </ChannelInfo>
    <ChannelInfo>
      <ChannelName>드라마H</ChannelName>
      <ChannelNo>46</ChannelNo>
      <ServiceId>875</ServiceId>
      <ChannelId>230</ChannelId>
    </ChannelInfo>
    <ChannelInfo>
      <ChannelName>HQ+</ChannelName>
      <ChannelNo>47</ChannelNo>
      <ServiceId>908</ServiceId>
      <ChannelId>91</ChannelId>
    </ChannelInfo>
    <ChannelInfo>
      <ChannelName>JTBC2</ChannelName>
      <ChannelNo>48</ChannelNo>
      <ServiceId>874</ServiceId>
      <ChannelId>99</ChannelId>
    </ChannelInfo>
    <ChannelInfo>
      <ChannelName>E채널</ChannelName>
      <ChannelNo>49</ChannelNo>
      <ServiceId>886</ServiceId>
      <ChannelId>55</ChannelId>
    </ChannelInfo>
    <ChannelInfo>
      <ChannelName>CATCH ON 1</ChannelName>
      <ChannelNo>51</ChannelNo>
      <ServiceId>181</ServiceId>
      <ChannelId>290</ChannelId>
    </ChannelInfo>
    <ChannelInfo>
      <ChannelName>CATCH ON 2</ChannelName>
      <ChannelNo>52</ChannelNo>
      <ServiceId>182</ServiceId>
      <ChannelId>291</ChannelId>
    </ChannelInfo>
    <ChannelInfo>
      <ChannelName>Ch CGV</ChannelName>
      <ChannelNo>53</ChannelNo>
      <ServiceId>187</ServiceId>
      <ChannelId>283</ChannelId>
    </ChannelInfo>
    <ChannelInfo>
      <ChannelName>OCN</ChannelName>
      <ChannelNo>54</ChannelNo>
      <ServiceId>178</ServiceId>
      <ChannelId>151</ChannelId>
    </ChannelInfo>
    <ChannelInfo>
      <ChannelName>SUPER ACTION</ChannelName>
      <ChannelNo>55</ChannelNo>
      <ServiceId>179</ServiceId>
      <ChannelId>196</ChannelId>
    </ChannelInfo>
    <ChannelInfo>
      <ChannelName>Screen</ChannelName>
      <ChannelNo>56</ChannelNo>
      <ServiceId>192</ServiceId>
      <ChannelId>171</ChannelId>
    </ChannelInfo>
    <ChannelInfo>
      <ChannelName>Mplex</ChannelName>
      <ChannelNo>57</ChannelNo>
      <ServiceId>171</ServiceId>
      <ChannelId>134</ChannelId>
    </ChannelInfo>
    <ChannelInfo>
      <ChannelName>Cinef</ChannelName>
      <ChannelNo>58</ChannelNo>
      <ServiceId>193</ServiceId>
      <ChannelId>38</ChannelId>
    </ChannelInfo>
    <ChannelInfo>
      <ChannelName>The Movie</ChannelName>
      <ChannelNo>59</ChannelNo>
      <ServiceId>198</ServiceId>
      <ChannelId>201</ChannelId>
    </ChannelInfo>
    <ChannelInfo>
      <ChannelName>AsiaM</ChannelName>
      <ChannelNo>60</ChannelNo>
      <ServiceId>174</ServiceId>
      <ChannelId>500</ChannelId>
    </ChannelInfo>
    <ChannelInfo>
      <ChannelName>인디필름</ChannelName>
      <ChannelNo>61</ChannelNo>
      <ServiceId>441</ServiceId>
      <ChannelId>275</ChannelId>
    </ChannelInfo>
    <ChannelInfo>
      <ChannelName>Celestial Movies</ChannelName>
      <ChannelNo>62</ChannelNo>
      <ServiceId>877</ServiceId>
      <ChannelId>318</ChannelId>
    </ChannelInfo>
    <ChannelInfo>
      <ChannelName>DOG TV</ChannelName>
      <ChannelNo>79</ChannelNo>
      <ServiceId>255</ServiceId>
      <ChannelId>52</ChannelId>
    </ChannelInfo>
    <ChannelInfo>
      <ChannelName>KBS joy</ChannelName>
      <ChannelNo>80</ChannelNo>
      <ServiceId>880</ServiceId>
      <ChannelId>104</ChannelId>
    </ChannelInfo>
    <ChannelInfo>
      <ChannelName>SBS fun E</ChannelName>
      <ChannelNo>81</ChannelNo>
      <ServiceId>882</ServiceId>
      <ChannelId>166</ChannelId>
    </ChannelInfo>
    <ChannelInfo>
      <ChannelName>E! Entertainment</ChannelName>
      <ChannelNo>83</ChannelNo>
      <ServiceId>789</ServiceId>
      <ChannelId>452</ChannelId>
    </ChannelInfo>
    <ChannelInfo>
      <ChannelName>OtvN</ChannelName>
      <ChannelNo>84</ChannelNo>
      <ServiceId>527</ServiceId>
      <ChannelId>147</ChannelId>
    </ChannelInfo>
    <ChannelInfo>
      <ChannelName>XtvN</ChannelName>
      <ChannelNo>85</ChannelNo>
      <ServiceId>185</ServiceId>
      <ChannelId>216</ChannelId>
    </ChannelInfo>
    <ChannelInfo>
      <ChannelName>TVCHOSUN2</ChannelName>
      <ChannelNo>86</ChannelNo>
      <ServiceId>631</ServiceId>
      <ChannelId>26</ChannelId>
    </ChannelInfo>
    <ChannelInfo>
      <ChannelName>코미디TV</ChannelName>
      <ChannelNo>87</ChannelNo>
      <ServiceId>906</ServiceId>
      <ChannelId>293</ChannelId>
    </ChannelInfo>
    <ChannelInfo>
      <ChannelName>K star</ChannelName>
      <ChannelNo>88</ChannelNo>
      <ServiceId>884</ServiceId>
      <ChannelId>101</ChannelId>
    </ChannelInfo>
    <ChannelInfo>
      <ChannelName>라이프타임</ChannelName>
      <ChannelNo>89</ChannelNo>
      <ServiceId>271</ServiceId>
      <ChannelId>456</ChannelId>
    </ChannelInfo>
    <ChannelInfo>
      <ChannelName>FX</ChannelName>
      <ChannelNo>90</ChannelNo>
      <ServiceId>194</ServiceId>
      <ChannelId>80</ChannelId>
    </ChannelInfo>
    <ChannelInfo>
      <ChannelName>FUN TV</ChannelName>
      <ChannelNo>91</ChannelNo>
      <ServiceId>887</ServiceId>
      <ChannelId>79</ChannelId>
    </ChannelInfo>
    <ChannelInfo>
      <ChannelName>마이펫TV</ChannelName>
      <ChannelNo>92</ChannelNo>
      <ServiceId>258</ServiceId>
      <ChannelId>240</ChannelId>
    </ChannelInfo>
    <ChannelInfo>
      <ChannelName>CMCTV</ChannelName>
      <ChannelNo>93</ChannelNo>
      <ServiceId>876</ServiceId>
      <ChannelId>43</ChannelId>
    </ChannelInfo>
    <ChannelInfo>
      <ChannelName>Sky Petpark</ChannelName>
      <ChannelNo>94</ChannelNo>
      <ServiceId>889</ServiceId>
      <ChannelId>177</ChannelId>
    </ChannelInfo>
    <ChannelInfo>
      <ChannelName>EBS2</ChannelName>
      <ChannelNo>95</ChannelNo>
      <ServiceId>63</ServiceId>
      <ChannelId>61</ChannelId>
    </ChannelInfo>
    <ChannelInfo>
      <ChannelName>DIA TV</ChannelName>
      <ChannelNo>96</ChannelNo>
      <ServiceId>180</ServiceId>
      <ChannelId>409</ChannelId>
    </ChannelInfo>
    <ChannelInfo>
      <ChannelName>채널A플러스</ChannelName>
      <ChannelNo>97</ChannelNo>
      <ServiceId>891</ServiceId>
      <ChannelId>282</ChannelId>
    </ChannelInfo>
    <ChannelInfo>
      <ChannelName>MBN플러스</ChannelName>
      <ChannelNo>98</ChannelNo>
      <ServiceId>892</ServiceId>
      <ChannelId>130</ChannelId>
    </ChannelInfo>
    <ChannelInfo>
      <ChannelName>skyENT</ChannelName>
      <ChannelNo>99</ChannelNo>
      <ServiceId>893</ServiceId>
      <ChannelId>174</ChannelId>
    </ChannelInfo>
    <ChannelInfo>
      <ChannelName>FOX</ChannelName>
      <ChannelNo>101</ChannelNo>
      <ServiceId>189</ServiceId>
      <ChannelId>74</ChannelId>
    </ChannelInfo>
    <ChannelInfo>
      <ChannelName>AXN</ChannelName>
      <ChannelNo>102</ChannelNo>
      <ServiceId>195</ServiceId>
      <ChannelId>10</ChannelId>
    </ChannelInfo>
    <ChannelInfo>
      <ChannelName>채널J</ChannelName>
      <ChannelNo>103</ChannelNo>
      <ServiceId>197</ServiceId>
      <ChannelId>35</ChannelId>
    </ChannelInfo>
    <ChannelInfo>
      <ChannelName>중화TV</ChannelName>
      <ChannelNo>104</ChannelNo>
      <ServiceId>186</ServiceId>
      <ChannelId>278</ChannelId>
    </ChannelInfo>
    <ChannelInfo>
      <ChannelName>채널 Ching</ChannelName>
      <ChannelNo>105</ChannelNo>
      <ServiceId>907</ServiceId>
      <ChannelId>280</ChannelId>
    </ChannelInfo>
    <ChannelInfo>
      <ChannelName>Asia N</ChannelName>
      <ChannelNo>106</ChannelNo>
      <ServiceId>177</ServiceId>
      <ChannelId>8</ChannelId>
    </ChannelInfo>
	<ChannelInfo>
      <ChannelName>CH U</ChannelName>
      <ChannelNo>107</ChannelNo>
      <ServiceId>176</ServiceId>
      <ChannelId>127</ChannelId>
    </ChannelInfo>
    <ChannelInfo>
      <ChannelName>채널차이나</ChannelName>
      <ChannelNo>108</ChannelNo>
      <ServiceId>520</ServiceId>
      <ChannelId>286</ChannelId>
    </ChannelInfo>
    <ChannelInfo>
      <ChannelName>텔레노벨라</ChannelName>
      <ChannelNo>109</ChannelNo>
      <ServiceId>173</ServiceId>
      <ChannelId>199</ChannelId>
    </ChannelInfo>
    <ChannelInfo>
      <ChannelName>채널W</ChannelName>
      <ChannelNo>110</ChannelNo>
      <ServiceId>172</ServiceId>
      <ChannelId>444</ChannelId>
    </ChannelInfo>
    <ChannelInfo>
      <ChannelName>SPOTV ON</ChannelName>
      <ChannelNo>118</ChannelNo>
      <ServiceId>136</ServiceId>
      <ChannelId>414</ChannelId>
    </ChannelInfo>
    <ChannelInfo>
      <ChannelName>SPOTV ON 2</ChannelName>
      <ChannelNo>119</ChannelNo>
      <ServiceId>137</ServiceId>
      <ChannelId>415</ChannelId>
    </ChannelInfo>
    <ChannelInfo>
      <ChannelName>SPOTV</ChannelName>
      <ChannelNo>120</ChannelNo>
      <ServiceId>125</ServiceId>
      <ChannelId>183</ChannelId>
    </ChannelInfo>
    <ChannelInfo>
      <ChannelName>KBSN 스포츠</ChannelName>
      <ChannelNo>121</ChannelNo>
      <ServiceId>132</ServiceId>
      <ChannelId>107</ChannelId>
    </ChannelInfo>
    <ChannelInfo>
      <ChannelName>SBS Sports</ChannelName>
      <ChannelNo>122</ChannelNo>
      <ServiceId>130</ServiceId>
      <ChannelId>169</ChannelId>
    </ChannelInfo>
    <ChannelInfo>
      <ChannelName>MBC Sports+</ChannelName>
      <ChannelNo>123</ChannelNo>
      <ServiceId>131</ServiceId>
      <ChannelId>126</ChannelId>
    </ChannelInfo>
    <ChannelInfo>
      <ChannelName>sky Sports</ChannelName>
      <ChannelNo>125</ChannelNo>
      <ServiceId>282</ServiceId>
      <ChannelId>178</ChannelId>
    </ChannelInfo>
    <ChannelInfo>
      <ChannelName>JTBC3 FOX SPORTS</ChannelName>
      <ChannelNo>126</ChannelNo>
      <ServiceId>436</ServiceId>
      <ChannelId>100</ChannelId>
    </ChannelInfo>
    <ChannelInfo>
      <ChannelName>SPOTV+</ChannelName>
      <ChannelNo>127</ChannelNo>
      <ServiceId>134</ServiceId>
      <ChannelId>185</ChannelId>
    </ChannelInfo>
    <ChannelInfo>
      <ChannelName>SPOTV2</ChannelName>
      <ChannelNo>128</ChannelNo>
      <ServiceId>424</ServiceId>
      <ChannelId>186</ChannelId>
    </ChannelInfo>
    <ChannelInfo>
      <ChannelName>IB Sports</ChannelName>
      <ChannelNo>129</ChannelNo>
      <ServiceId>123</ServiceId>
      <ChannelId>93</ChannelId>
    </ChannelInfo>
    <ChannelInfo>
      <ChannelName>Billiards TV</ChannelName>
      <ChannelNo>130</ChannelNo>
      <ServiceId>122</ServiceId>
      <ChannelId>20</ChannelId>
    </ChannelInfo>
    <ChannelInfo>
      <ChannelName>SBS GOLF</ChannelName>
      <ChannelNo>131</ChannelNo>
      <ServiceId>133</ServiceId>
      <ChannelId>167</ChannelId>
    </ChannelInfo>
    <ChannelInfo>
      <ChannelName>JTBC GOLF</ChannelName>
      <ChannelNo>132</ChannelNo>
      <ServiceId>127</ServiceId>
      <ChannelId>98</ChannelId>
    </ChannelInfo>
    <ChannelInfo>
      <ChannelName>Golf Channel Korea</ChannelName>
      <ChannelNo>133</ChannelNo>
      <ServiceId>135</ServiceId>
      <ChannelId>200</ChannelId>
    </ChannelInfo>
    <ChannelInfo>
      <ChannelName>Eurosport</ChannelName>
      <ChannelNo>134</ChannelNo>
      <ServiceId>120</ServiceId>
      <ChannelId>68</ChannelId>
    </ChannelInfo>
    <ChannelInfo>
      <ChannelName>Star Sports</ChannelName>
      <ChannelNo>135</ChannelNo>
      <ServiceId>781</ServiceId>
      <ChannelId>192</ChannelId>
    </ChannelInfo>
    <ChannelInfo>
      <ChannelName>OGN</ChannelName>
      <ChannelNo>136</ChannelNo>
      <ServiceId>124</ServiceId>
      <ChannelId>153</ChannelId>
    </ChannelInfo>
    <ChannelInfo>
      <ChannelName>SPOTV GAMES</ChannelName>
      <ChannelNo>137</ChannelNo>
      <ServiceId>254</ServiceId>
      <ChannelId>184</ChannelId>
    </ChannelInfo>
    <ChannelInfo>
      <ChannelName>스크린골프존</ChannelName>
      <ChannelNo>138</ChannelNo>
      <ServiceId>138</ServiceId>
      <ChannelId>492</ChannelId>
    </ChannelInfo>
    <ChannelInfo>
      <ChannelName>인도어스포츠</ChannelName>
      <ChannelNo>139</ChannelNo>
      <ServiceId>129</ServiceId>
      <ChannelId>446</ChannelId>
    </ChannelInfo>
    <ChannelInfo>
      <ChannelName>토마토TV</ChannelName>
      <ChannelNo>150</ChannelNo>
      <ServiceId>620</ServiceId>
      <ChannelId>297</ChannelId>
    </ChannelInfo>
    <ChannelInfo>
      <ChannelName>한국경제TV</ChannelName>
      <ChannelNo>151</ChannelNo>
      <ServiceId>626</ServiceId>
      <ChannelId>303</ChannelId>
    </ChannelInfo>
    <ChannelInfo>
      <ChannelName>MTN</ChannelName>
      <ChannelNo>152</ChannelNo>
      <ServiceId>627</ServiceId>
      <ChannelId>135</ChannelId>
    </ChannelInfo>
    <ChannelInfo>
      <ChannelName>매일경제TV</ChannelName>
      <ChannelNo>153</ChannelNo>
      <ServiceId>628</ServiceId>
      <ChannelId>241</ChannelId>
    </ChannelInfo>
    <ChannelInfo>
      <ChannelName>팍스경제TV</ChannelName>
      <ChannelNo>154</ChannelNo>
      <ServiceId>622</ServiceId>
      <ChannelId>264</ChannelId>
    </ChannelInfo>
    <ChannelInfo>
      <ChannelName>이데일리TV</ChannelName>
      <ChannelNo>155</ChannelNo>
      <ServiceId>630</ServiceId>
      <ChannelId>272</ChannelId>
    </ChannelInfo>
    <ChannelInfo>
      <ChannelName>서울경제TV</ChannelName>
      <ChannelNo>156</ChannelNo>
      <ServiceId>629</ServiceId>
      <ChannelId>255</ChannelId>
    </ChannelInfo>
    <ChannelInfo>
      <ChannelName>YTN 라이프</ChannelName>
      <ChannelNo>157</ChannelNo>
      <ServiceId>632</ServiceId>
      <ChannelId>220</ChannelId>
    </ChannelInfo>
    <ChannelInfo>
      <ChannelName>CNN International</ChannelName>
      <ChannelNo>158</ChannelNo>
      <ServiceId>774</ServiceId>
      <ChannelId>46</ChannelId>
    </ChannelInfo>
    <ChannelInfo>
      <ChannelName>CNN US</ChannelName>
      <ChannelNo>159</ChannelNo>
      <ServiceId>782</ServiceId>
      <ChannelId>47</ChannelId>
    </ChannelInfo>
    <ChannelInfo>
      <ChannelName>BBC World News</ChannelName>
      <ChannelNo>160</ChannelNo>
      <ServiceId>778</ServiceId>
      <ChannelId>18</ChannelId>
    </ChannelInfo>
    <ChannelInfo>
      <ChannelName>CGTN</ChannelName>
      <ChannelNo>161</ChannelNo>
      <ServiceId>771</ServiceId>
      <ChannelId>411</ChannelId>
    </ChannelInfo>
    <ChannelInfo>
      <ChannelName>Bloomberg TV</ChannelName>
      <ChannelNo>162</ChannelNo>
      <ServiceId>775</ServiceId>
      <ChannelId>21</ChannelId>
    </ChannelInfo>
    <ChannelInfo>
      <ChannelName>Channel News Asia</ChannelName>
      <ChannelNo>163</ChannelNo>
      <ServiceId>777</ServiceId>
      <ChannelId>36</ChannelId>
    </ChannelInfo>
    <ChannelInfo>
      <ChannelName>내외경제TV</ChannelName>
      <ChannelNo>164</ChannelNo>
      <ServiceId>623</ServiceId>
      <ChannelId>225</ChannelId>
    </ChannelInfo>
    <ChannelInfo>
      <ChannelName>부동산토마토</ChannelName>
      <ChannelNo>165</ChannelNo>
      <ServiceId>621</ServiceId>
      <ChannelId>249</ChannelId>
    </ChannelInfo>
    <ChannelInfo>
      <ChannelName>FOX News Channel</ChannelName>
      <ChannelNo>166</ChannelNo>
      <ServiceId>791</ServiceId>
      <ChannelId>76</ChannelId>
    </ChannelInfo>
    <ChannelInfo>
      <ChannelName>tbsTV</ChannelName>
      <ChannelNo>167</ChannelNo>
      <ServiceId>420</ServiceId>
      <ChannelId>198</ChannelId>
    </ChannelInfo>
    <ChannelInfo>
      <ChannelName>Tooniverse</ChannelName>
      <ChannelNo>170</ChannelNo>
      <ServiceId>376</ServiceId>
      <ChannelId>202</ChannelId>
    </ChannelInfo>
    <ChannelInfo>
      <ChannelName>디즈니채널</ChannelName>
      <ChannelNo>171</ChannelNo>
      <ServiceId>380</ServiceId>
      <ChannelId>235</ChannelId>
    </ChannelInfo>
    <ChannelInfo>
      <ChannelName>디즈니주니어</ChannelName>
      <ChannelNo>172</ChannelNo>
      <ServiceId>381</ServiceId>
      <ChannelId>234</ChannelId>
    </ChannelInfo>
    <ChannelInfo>
      <ChannelName>Animax</ChannelName>
      <ChannelNo>173</ChannelNo>
      <ServiceId>371</ServiceId>
      <ChannelId>4</ChannelId>
    </ChannelInfo>
    <ChannelInfo>
      <ChannelName>애니원</ChannelName>
      <ChannelNo>174</ChannelNo>
      <ServiceId>379</ServiceId>
      <ChannelId>5</ChannelId>
    </ChannelInfo>
    <ChannelInfo>
      <ChannelName>부메랑</ChannelName>
      <ChannelNo>175</ChannelNo>
      <ServiceId>433</ServiceId>
      <ChannelId>250</ChannelId>
    </ChannelInfo>
    <ChannelInfo>
      <ChannelName>Nickelodeon</ChannelName>
      <ChannelNo>176</ChannelNo>
      <ServiceId>383</ServiceId>
      <ChannelId>141</ChannelId>
    </ChannelInfo>
    <ChannelInfo>
      <ChannelName>카툰네트워크</ChannelName>
      <ChannelNo>177</ChannelNo>
      <ServiceId>384</ServiceId>
      <ChannelId>289</ChannelId>
    </ChannelInfo>
    <ChannelInfo>
      <ChannelName>애니플러스</ChannelName>
      <ChannelNo>178</ChannelNo>
      <ServiceId>377</ServiceId>
      <ChannelId>266</ChannelId>
    </ChannelInfo>
    <ChannelInfo>
      <ChannelName>애니박스</ChannelName>
      <ChannelNo>179</ChannelNo>
      <ServiceId>191</ServiceId>
      <ChannelId>2</ChannelId>
    </ChannelInfo>
    <ChannelInfo>
      <ChannelName>DreamWorks</ChannelName>
      <ChannelNo>180</ChannelNo>
      <ServiceId>790</ServiceId>
      <ChannelId>53</ChannelId>
    </ChannelInfo>
    <ChannelInfo>
      <ChannelName>뽀요TV</ChannelName>
      <ChannelNo>182</ChannelNo>
      <ServiceId>387</ServiceId>
      <ChannelId>496</ChannelId>
    </ChannelInfo>
    <ChannelInfo>
      <ChannelName>캐리TV</ChannelName>
      <ChannelNo>183</ChannelNo>
      <ServiceId>388</ServiceId>
      <ChannelId>497</ChannelId>
    </ChannelInfo>
    <ChannelInfo>
      <ChannelName>english gem</ChannelName>
      <ChannelNo>187</ChannelNo>
      <ServiceId>390</ServiceId>
      <ChannelId>498</ChannelId>
    </ChannelInfo>
    <ChannelInfo>
      <ChannelName>신기한나라TV</ChannelName>
      <ChannelNo>188</ChannelNo>
      <ServiceId>386</ServiceId>
      <ChannelId>493</ChannelId>
    </ChannelInfo>
    <ChannelInfo>
      <ChannelName>키즈톡톡 플러스</ChannelName>
      <ChannelNo>189</ChannelNo>
      <ServiceId>385</ServiceId>
      <ChannelId>112</ChannelId>
    </ChannelInfo>
    <ChannelInfo>
      <ChannelName>KBS KIDS</ChannelName>
      <ChannelNo>190</ChannelNo>
      <ServiceId>382</ServiceId>
      <ChannelId>105</ChannelId>
    </ChannelInfo>
    <ChannelInfo>
      <ChannelName>어린이TV</ChannelName>
      <ChannelNo>191</ChannelNo>
      <ServiceId>374</ServiceId>
      <ChannelId>228</ChannelId>
    </ChannelInfo>
    <ChannelInfo>
      <ChannelName>JEI 재능TV</ChannelName>
      <ChannelNo>192</ChannelNo>
      <ServiceId>378</ServiceId>
      <ChannelId>96</ChannelId>
    </ChannelInfo>
    <ChannelInfo>
      <ChannelName>bravo kids</ChannelName>
      <ChannelNo>193</ChannelNo>
      <ServiceId>370</ServiceId>
      <ChannelId>296</ChannelId>
    </ChannelInfo>
    <ChannelInfo>
      <ChannelName>EBS KIDS</ChannelName>
      <ChannelNo>194</ChannelNo>
      <ServiceId>372</ServiceId>
      <ChannelId>57</ChannelId>
    </ChannelInfo>
    <ChannelInfo>
      <ChannelName>Baby TV</ChannelName>
      <ChannelNo>195</ChannelNo>
      <ServiceId>785</ServiceId>
      <ChannelId>14</ChannelId>
    </ChannelInfo>
    <ChannelInfo>
      <ChannelName>대교베이비TV</ChannelName>
      <ChannelNo>196</ChannelNo>
      <ServiceId>373</ServiceId>
      <ChannelId>501</ChannelId>
    </ChannelInfo>
    <ChannelInfo>
      <ChannelName>JEI 재능 English</ChannelName>
      <ChannelNo>200</ChannelNo>
      <ServiceId>825</ServiceId>
      <ChannelId>95</ChannelId>
    </ChannelInfo>
    <ChannelInfo>
      <ChannelName>플레이런TV</ChannelName>
      <ChannelNo>201</ChannelNo>
      <ServiceId>824</ServiceId>
      <ChannelId>457</ChannelId>
    </ChannelInfo>
    <ChannelInfo>
      <ChannelName>EBS English</ChannelName>
      <ChannelNo>202</ChannelNo>
      <ServiceId>822</ServiceId>
      <ChannelId>56</ChannelId>
    </ChannelInfo>
    <ChannelInfo>
      <ChannelName>EBS +1</ChannelName>
      <ChannelNo>203</ChannelNo>
      <ServiceId>820</ServiceId>
      <ChannelId>58</ChannelId>
    </ChannelInfo>
    <ChannelInfo>
      <ChannelName>EBS +2</ChannelName>
      <ChannelNo>204</ChannelNo>
      <ServiceId>821</ServiceId>
      <ChannelId>59</ChannelId>
    </ChannelInfo>
    <ChannelInfo>
      <ChannelName>edu TV</ChannelName>
      <ChannelNo>205</ChannelNo>
      <ServiceId>823</ServiceId>
      <ChannelId>63</ChannelId>
    </ChannelInfo>
    <ChannelInfo>
      <ChannelName>On style</ChannelName>
      <ChannelNo>210</ChannelNo>
      <ServiceId>426</ServiceId>
      <ChannelId>154</ChannelId>
    </ChannelInfo>
    <ChannelInfo>
      <ChannelName>Fashion N</ChannelName>
      <ChannelNo>211</ChannelNo>
      <ServiceId>274</ServiceId>
      <ChannelId>71</ChannelId>
    </ChannelInfo>
    <ChannelInfo>
      <ChannelName>채널 뷰</ChannelName>
      <ChannelNo>212</ChannelNo>
      <ServiceId>276</ServiceId>
      <ChannelId>285</ChannelId>
    </ChannelInfo>
    <ChannelInfo>
      <ChannelName>CUBE TV</ChannelName>
      <ChannelNo>213</ChannelNo>
      <ServiceId>905</ServiceId>
      <ChannelId>905</ChannelId>
    </ChannelInfo>
    <ChannelInfo>
      <ChannelName>KBS W</ChannelName>
      <ChannelNo>214</ChannelNo>
      <ServiceId>425</ServiceId>
      <ChannelId>108</ChannelId>
    </ChannelInfo>
    <ChannelInfo>
      <ChannelName>Life U</ChannelName>
      <ChannelNo>215</ChannelNo>
      <ServiceId>277</ServiceId>
      <ChannelId>316</ChannelId>
    </ChannelInfo>
    <ChannelInfo>
      <ChannelName>Fox life</ChannelName>
      <ChannelNo>216</ChannelNo>
      <ServiceId>280</ServiceId>
      <ChannelId>75</ChannelId>
    </ChannelInfo>
    <ChannelInfo>
      <ChannelName>Gtv</ChannelName>
      <ChannelNo>217</ChannelNo>
      <ServiceId>284</ServiceId>
      <ChannelId>86</ChannelId>
    </ChannelInfo>
    <ChannelInfo>
      <ChannelName>동아TV</ChannelName>
      <ChannelNo>218</ChannelNo>
      <ServiceId>272</ServiceId>
      <ChannelId>229</ChannelId>
    </ChannelInfo>
    <ChannelInfo>
      <ChannelName>OBSW</ChannelName>
      <ChannelNo>219</ChannelNo>
      <ServiceId>423</ServiceId>
      <ChannelId>150</ChannelId>
    </ChannelInfo>
    <ChannelInfo>
      <ChannelName>9colors</ChannelName>
      <ChannelNo>220</ChannelNo>
      <ServiceId>285</ServiceId>
      <ChannelId>1</ChannelId>
    </ChannelInfo>
    <ChannelInfo>
      <ChannelName>NHK WORLD JAPAN</ChannelName>
      <ChannelNo>221</ChannelNo>
      <ServiceId>783</ServiceId>
      <ChannelId>321</ChannelId>
    </ChannelInfo>
    <ChannelInfo>
      <ChannelName>JTBC4</ChannelName>
      <ChannelNo>222</ChannelNo>
      <ServiceId>259</ServiceId>
      <ChannelId>495</ChannelId>
    </ChannelInfo>
    <ChannelInfo>
      <ChannelName>TRENDY</ChannelName>
      <ChannelNo>223</ChannelNo>
      <ServiceId>288</ServiceId>
      <ChannelId>203</ChannelId>
    </ChannelInfo>
    <ChannelInfo>
      <ChannelName>CookTV</ChannelName>
      <ChannelNo>224</ChannelNo>
      <ServiceId>289</ServiceId>
      <ChannelId>499</ChannelId>
    </ChannelInfo>
    <ChannelInfo>
      <ChannelName>Now제주TV</ChannelName>
      <ChannelNo>225</ChannelNo>
      <ServiceId>290</ServiceId>
      <ChannelId>455</ChannelId>
    </ChannelInfo>
    <ChannelInfo>
      <ChannelName>육아방송</ChannelName>
      <ChannelNo>226</ChannelNo>
      <ServiceId>287</ServiceId>
      <ChannelId>271</ChannelId>
    </ChannelInfo>
    <ChannelInfo>
      <ChannelName>실버아이TV</ChannelName>
      <ChannelNo>227</ChannelNo>
      <ServiceId>286</ServiceId>
      <ChannelId>262</ChannelId>
    </ChannelInfo>
    <ChannelInfo>
      <ChannelName>시니어TV</ChannelName>
      <ChannelNo>228</ChannelNo>
      <ServiceId>291</ServiceId>
      <ChannelId>447</ChannelId>
    </ChannelInfo>
    <ChannelInfo>
      <ChannelName>SBS MTV</ChannelName>
      <ChannelNo>230</ChannelNo>
      <ServiceId>883</ServiceId>
      <ChannelId>168</ChannelId>
    </ChannelInfo>
    <ChannelInfo>
      <ChannelName>MBC Music</ChannelName>
      <ChannelNo>231</ChannelNo>
      <ServiceId>250</ServiceId>
      <ChannelId>124</ChannelId>
    </ChannelInfo>
    <ChannelInfo>
      <ChannelName>GMTV</ChannelName>
      <ChannelNo>232</ChannelNo>
      <ServiceId>671</ServiceId>
      <ChannelId>82</ChannelId>
    </ChannelInfo>
    <ChannelInfo>
      <ChannelName>아이넷 TV</ChannelName>
      <ChannelNo>233</ChannelNo>
      <ServiceId>261</ServiceId>
      <ChannelId>92</ChannelId>
    </ChannelInfo>
    <ChannelInfo>
      <ChannelName>Arte TV</ChannelName>
      <ChannelNo>234</ChannelNo>
      <ServiceId>421</ServiceId>
      <ChannelId>6</ChannelId>
    </ChannelInfo>
    <ChannelInfo>
      <ChannelName>STINGRAY CLASSICA</ChannelName>
      <ChannelNo>235</ChannelNo>
      <ServiceId>787</ServiceId>
      <ChannelId>42</ChannelId>
    </ChannelInfo>
    <ChannelInfo>
      <ChannelName>Stingray CMusic</ChannelName>
      <ChannelNo>237</ChannelNo>
      <ServiceId>672</ServiceId>
      <ChannelId>412</ChannelId>
    </ChannelInfo>
    <ChannelInfo>
      <ChannelName>이벤트TV</ChannelName>
      <ChannelNo>238</ChannelNo>
      <ServiceId>262</ServiceId>
      <ChannelId>273</ChannelId>
    </ChannelInfo>
    <ChannelInfo>
      <ChannelName>BET</ChannelName>
      <ChannelNo>239</ChannelNo>
      <ServiceId>788</ServiceId>
      <ChannelId>458</ChannelId>
    </ChannelInfo>
    <ChannelInfo>
      <ChannelName>바둑TV</ChannelName>
      <ChannelNo>240</ChannelNo>
      <ServiceId>528</ServiceId>
      <ChannelId>245</ChannelId>
    </ChannelInfo>
    <ChannelInfo>
      <ChannelName>K-바둑</ChannelName>
      <ChannelNo>241</ChannelNo>
      <ServiceId>253</ServiceId>
      <ChannelId>118</ChannelId>
    </ChannelInfo>
    <ChannelInfo>
      <ChannelName>브레인TV</ChannelName>
      <ChannelNo>242</ChannelNo>
      <ServiceId>279</ServiceId>
      <ChannelId>251</ChannelId>
    </ChannelInfo>
    <ChannelInfo>
      <ChannelName>FTV</ChannelName>
      <ChannelNo>243</ChannelNo>
      <ServiceId>530</ServiceId>
      <ChannelId>78</ChannelId>
    </ChannelInfo>
    <ChannelInfo>
      <ChannelName>FISHING TV</ChannelName>
      <ChannelNo>244</ChannelNo>
      <ServiceId>273</ServiceId>
      <ChannelId>72</ChannelId>
    </ChannelInfo>
    <ChannelInfo>
      <ChannelName>ONT</ChannelName>
      <ChannelNo>245</ChannelNo>
      <ServiceId>256</ServiceId>
      <ChannelId>156</ChannelId>
    </ChannelInfo>
    <ChannelInfo>
      <ChannelName>sky Travel</ChannelName>
      <ChannelNo>246</ChannelNo>
      <ServiceId>283</ServiceId>
      <ChannelId>179</ChannelId>
    </ChannelInfo>
    <ChannelInfo>
      <ChannelName>Mountain TV</ChannelName>
      <ChannelNo>247</ChannelNo>
      <ServiceId>251</ServiceId>
      <ChannelId>133</ChannelId>
    </ChannelInfo>
    <ChannelInfo>
      <ChannelName>폴라리스TV</ChannelName>
      <ChannelNo>249</ChannelNo>
      <ServiceId>252</ServiceId>
      <ChannelId>302</ChannelId>
    </ChannelInfo>
    <ChannelInfo>
      <ChannelName>리빙TV</ChannelName>
      <ChannelNo>251</ChannelNo>
      <ServiceId>263</ServiceId>
      <ChannelId>239</ChannelId>
    </ChannelInfo>
    <ChannelInfo>
      <ChannelName>NGC</ChannelName>
      <ChannelNo>260</ChannelNo>
      <ServiceId>430</ServiceId>
      <ChannelId>138</ChannelId>
    </ChannelInfo>
    <ChannelInfo>
      <ChannelName>Discovery Channel</ChannelName>
      <ChannelNo>261</ChannelNo>
      <ServiceId>437</ServiceId>
      <ChannelId>51</ChannelId>
    </ChannelInfo>
    <ChannelInfo>
      <ChannelName>YTN 사이언스</ChannelName>
      <ChannelNo>262</ChannelNo>
      <ServiceId>422</ServiceId>
      <ChannelId>219</ChannelId>
    </ChannelInfo>
    <ChannelInfo>
      <ChannelName>Natgeo People</ChannelName>
      <ChannelNo>263</ChannelNo>
      <ServiceId>784</ServiceId>
      <ChannelId>136</ChannelId>
    </ChannelInfo>
    <ChannelInfo>
      <ChannelName>History</ChannelName>
      <ChannelNo>264</ChannelNo>
      <ServiceId>260</ServiceId>
      <ChannelId>90</ChannelId>
    </ChannelInfo>
    <ChannelInfo>
      <ChannelName>BBC earth</ChannelName>
      <ChannelNo>265</ChannelNo>
      <ServiceId>472</ServiceId>
      <ChannelId>15</ChannelId>
    </ChannelInfo>
    <ChannelInfo>
      <ChannelName>Natgeo Wild HD</ChannelName>
      <ChannelNo>266</ChannelNo>
      <ServiceId>773</ServiceId>
      <ChannelId>137</ChannelId>
    </ChannelInfo>
    <ChannelInfo>
      <ChannelName>리얼TV</ChannelName>
      <ChannelNo>267</ChannelNo>
      <ServiceId>440</ServiceId>
      <ChannelId>160</ChannelId>
    </ChannelInfo>
    <ChannelInfo>
      <ChannelName>헬스메디TV</ChannelName>
      <ChannelNo>268</ChannelNo>
      <ServiceId>432</ServiceId>
      <ChannelId>311</ChannelId>
    </ChannelInfo>
    <ChannelInfo>
      <ChannelName>쿠키건강TV</ChannelName>
      <ChannelNo>269</ChannelNo>
      <ServiceId>434</ServiceId>
      <ChannelId>294</ChannelId>
    </ChannelInfo>
    <ChannelInfo>
      <ChannelName>아리랑TV</ChannelName>
      <ChannelNo>270</ChannelNo>
      <ServiceId>427</ServiceId>
      <ChannelId>263</ChannelId>
    </ChannelInfo>
    <ChannelInfo>
      <ChannelName>소상공인방송</ChannelName>
      <ChannelNo>271</ChannelNo>
      <ServiceId>428</ServiceId>
      <ChannelId>257</ChannelId>
    </ChannelInfo>
    <ChannelInfo>
      <ChannelName>한국직업방송</ChannelName>
      <ChannelNo>273</ChannelNo>
      <ServiceId>429</ServiceId>
      <ChannelId>307</ChannelId>
    </ChannelInfo>
    <ChannelInfo>
      <ChannelName>MBC NET</ChannelName>
      <ChannelNo>274</ChannelNo>
      <ServiceId>281</ServiceId>
      <ChannelId>125</ChannelId>
    </ChannelInfo>
    <ChannelInfo>
      <ChannelName>소비자TV</ChannelName>
      <ChannelNo>275</ChannelNo>
      <ServiceId>442</ServiceId>
      <ChannelId>256</ChannelId>
    </ChannelInfo>
    <ChannelInfo>
      <ChannelName>NBS 한국농업방송</ChannelName>
      <ChannelNo>276</ChannelNo>
      <ServiceId>443</ServiceId>
      <ChannelId>315</ChannelId>
    </ChannelInfo>
    <ChannelInfo>
      <ChannelName>CCTV4</ChannelName>
      <ChannelNo>277</ChannelNo>
      <ServiceId>779</ServiceId>
      <ChannelId>31</ChannelId>
    </ChannelInfo>
    <ChannelInfo>
      <ChannelName>NHK World Premium</ChannelName>
      <ChannelNo>278</ChannelNo>
      <ServiceId>772</ServiceId>
      <ChannelId>139</ChannelId>
    </ChannelInfo>
    <ChannelInfo>
      <ChannelName>TV5Monde</ChannelName>
      <ChannelNo>279</ChannelNo>
      <ServiceId>780</ServiceId>
      <ChannelId>205</ChannelId>
    </ChannelInfo>
    <ChannelInfo>
      <ChannelName>법률방송</ChannelName>
      <ChannelNo>280</ChannelNo>
      <ServiceId>438</ServiceId>
      <ChannelId>246</ChannelId>
    </ChannelInfo>
    <ChannelInfo>
      <ChannelName>채널i</ChannelName>
      <ChannelNo>281</ChannelNo>
      <ServiceId>439</ServiceId>
      <ChannelId>284</ChannelId>
    </ChannelInfo>
    <ChannelInfo>
      <ChannelName>국방TV</ChannelName>
      <ChannelNo>282</ChannelNo>
      <ServiceId>445</ServiceId>
      <ChannelId>222</ChannelId>
    </ChannelInfo>
    <ChannelInfo>
      <ChannelName>다큐원</ChannelName>
      <ChannelNo>283</ChannelNo>
      <ServiceId>257</ServiceId>
      <ChannelId>453</ChannelId>
    </ChannelInfo>
    <ChannelInfo>
      <ChannelName>브릿지TV</ChannelName>
      <ChannelNo>284</ChannelNo>
      <ServiceId>446</ServiceId>
      <ChannelId>292</ChannelId>
    </ChannelInfo>
    <ChannelInfo>
      <ChannelName>지방자치TV</ChannelName>
      <ChannelNo>285</ChannelNo>
      <ServiceId>447</ServiceId>
      <ChannelId>279</ChannelId>
    </ChannelInfo>
    <ChannelInfo>
      <ChannelName>다문화TV</ChannelName>
      <ChannelNo>286</ChannelNo>
      <ServiceId>448</ServiceId>
      <ChannelId>502</ChannelId>
    </ChannelInfo>
    <ChannelInfo>
      <ChannelName>KTV</ChannelName>
      <ChannelNo>290</ChannelNo>
      <ServiceId>222</ServiceId>
      <ChannelId>117</ChannelId>
    </ChannelInfo>
    <ChannelInfo>
      <ChannelName>국회방송</ChannelName>
      <ChannelNo>291</ChannelNo>
      <ServiceId>221</ServiceId>
      <ChannelId>223</ChannelId>
    </ChannelInfo>
    <ChannelInfo>
      <ChannelName>OUN</ChannelName>
      <ChannelNo>292</ChannelNo>
      <ServiceId>220</ServiceId>
      <ChannelId>157</ChannelId>
    </ChannelInfo>
    <ChannelInfo>
      <ChannelName>복지TV</ChannelName>
      <ChannelNo>293</ChannelNo>
      <ServiceId>223</ServiceId>
      <ChannelId>247</ChannelId>
    </ChannelInfo>
    <ChannelInfo>
      <ChannelName>CBS</ChannelName>
      <ChannelNo>300</ChannelNo>
      <ServiceId>727</ServiceId>
      <ChannelId>28</ChannelId>
    </ChannelInfo>
    <ChannelInfo>
      <ChannelName>CTS</ChannelName>
      <ChannelNo>301</ChannelNo>
      <ServiceId>725</ServiceId>
      <ChannelId>49</ChannelId>
    </ChannelInfo>
    <ChannelInfo>
      <ChannelName>CGNTV</ChannelName>
      <ChannelNo>302</ChannelNo>
      <ServiceId>723</ServiceId>
      <ChannelId>32</ChannelId>
    </ChannelInfo>
    <ChannelInfo>
      <ChannelName>Good TV</ChannelName>
      <ChannelNo>303</ChannelNo>
      <ServiceId>720</ServiceId>
      <ChannelId>83</ChannelId>
    </ChannelInfo>
    <ChannelInfo>
      <ChannelName>C채널</ChannelName>
      <ChannelNo>304</ChannelNo>
      <ServiceId>721</ServiceId>
      <ChannelId>24</ChannelId>
    </ChannelInfo>
    <ChannelInfo>
      <ChannelName>BTN 불교TV</ChannelName>
      <ChannelNo>305</ChannelNo>
      <ServiceId>726</ServiceId>
      <ChannelId>23</ChannelId>
    </ChannelInfo>
    <ChannelInfo>
      <ChannelName>BBS 불교방송</ChannelName>
      <ChannelNo>306</ChannelNo>
      <ServiceId>722</ServiceId>
      <ChannelId>19</ChannelId>
    </ChannelInfo>
    <ChannelInfo>
      <ChannelName>가톨릭평화방송</ChannelName>
      <ChannelNo>307</ChannelNo>
      <ServiceId>724</ServiceId>
      <ChannelId>301</ChannelId>
    </ChannelInfo>
    <ChannelInfo>
      <ChannelName>STB 상생방송</ChannelName>
      <ChannelNo>308</ChannelNo>
      <ServiceId>278</ServiceId>
      <ChannelId>193</ChannelId>
    </ChannelInfo>
    <ChannelInfo>
      <ChannelName>원음방송</ChannelName>
      <ChannelNo>309</ChannelNo>
      <ServiceId>270</ServiceId>
      <ChannelId>215</ChannelId>
    </ChannelInfo>    
    <ChannelInfo>
      <ChannelName>B tv</ChannelName>
      <ChannelNo>800</ChannelNo>
      <ServiceId>326</ServiceId>
      <ChannelId>999</ChannelId>
    </ChannelInfo>
  </ChannelList>
</BtvChannelList>